model,r2,mae,rmse,mape
xgboost,0.9180693792929736,0.1359913492841535,0.32141898701584976,16.85385821202389
